Arquivo,Texto
public/index.html (title),Evolut | Agência de IA
public/index.html (meta description),"Evolua sua operação com agentes de inteligência artificial sob medida. Mais produtividade, menos custo e decisões melhores."
public/index.html,Agentes
public/index.html,Vantagens
public/index.html,Como Funciona
public/index.html,Começar Agora
public/index.html,AGÊNCIA DE IA
public/index.html,Deixe nossos agentes de IA trabalharem por você
public/index.html,•
public/index.html,Agência de IA
public/index.html,Soluções Empresariais
public/index.html,IA
public/index.html,Faça sua empresa crescer 70% mais rápido. Implemente inteligência artificial em todos os setores do seu negócio
public/index.html,Começar agora
public/index.html,Tenha Agentes de IA na Sua Equipe
public/index.html,Agentes Evolut IA
public/index.html,Cada desafio exige uma solução inteligente. Conheça alguns dos agentes já criados pela Evolut IA
public/index.html,Crie Seu Próprio Agente
public/index.html,Vantagens da Evolut IA
public/index.html,"Na Evolut IA, criamos agentes inteligentes para transformar processos e impulsionar os seus resultados"
public/index.html,Implementação Rápida
public/index.html,"Seus agentes ficam prontos em até 30 dias, com suporte completo durante todo o processo"
public/index.html,ROI Garantido
public/index.html,Reduza custos em até 70% e aumente a produtividade em até 300% com nossas soluções
public/index.html,Suporte
public/index.html,Equipe especializada disponível 24 horas por dia para garantir que tudo funcione perfeitamente
public/index.html,Qualidade Premium
public/index.html,"Tecnologia de ponta com os melhores modelos de IA do mercado, sempre atualizados"
public/index.html,Não fique para trás
public/index.html,"A Evolut IA é ideal para empresas que buscam inovação, eficiência e crescimento sustentável através da inteligência artificial."
public/index.html,Empresas Médias
public/index.html,De 50 a 500 funcionários que precisam escalar operações sem aumentar custos proporcionalmente.
public/index.html,Startups em Crescimento
public/index.html,Empresas inovadoras que querem automatizar desde cedo e crescer de forma inteligente.
public/index.html,Empresas Tradicionais
public/index.html,Negócios estabelecidos que querem se modernizar e manter competitividade no mercado.
public/index.html,Equipes Remotas
public/index.html,Times distribuídos que precisam de automação para manter produtividade e coordenação.
public/index.html,Redução de Custos
public/index.html,Organizações focadas em otimizar custos operacionais e aumentar margem de lucro.
public/index.html,Orientadas por Dados
public/index.html,Empresas que valorizam decisões baseadas em dados e análises preditivas.
public/index.html,Ver Se É Ideal Para Minha Empresa
public/index.html,Integrações
public/index.html,Conecte nossos agentes com as ferramentas que você já usa. Integração simples e rápida com as principais plataformas do mercado.
public/index.html,Slack
public/index.html,Teams
public/index.html,HubSpot
public/index.html,Salesforce
public/index.html,Ver Todas as Integrações
public/index.html,Como funciona
public/index.html,Um processo simples e estruturado para transformar sua empresa em apenas algumas semanas.
public/index.html,Consultoria Gratuita
public/index.html,Agendamos uma reunião para entender suas necessidades e mapear oportunidades de automação.
public/index.html,Análise e Proposta
public/index.html,Nossa equipe faz uma análise detalhada e apresenta uma proposta personalizada para sua empresa.
public/index.html,Desenvolvimento
public/index.html,Desenvolvemos e configuramos seus agentes de IA de acordo com suas necessidades específicas.
public/index.html,Implementação
public/index.html,Integramos os agentes em seus sistemas e treinamos sua equipe para o uso eficiente.
public/index.html,Powered by
public/index.html,Utilizamos as tecnologias mais avançadas e confiáveis do mercado para garantir a melhor performance dos seus agentes de IA.
public/index.html,Transforme sua empresa hoje mesmo
public/index.html,Não deixe seus concorrentes saírem na frente
public/index.html,Dê o primeiro passo rumo à automação inteligente. Agende sua consultoria gratuita e transforme sua operação com IA.
public/index.html,Começar Transformação AGORA
public/index.html,Sem compromisso
public/index.html,Consultoria gratuita
public/index.html,Resultado garantido
public/index.html,"Transformamos empresas através de agentes de IA personalizados. Automatize processos, otimize resultados e cresça de forma inteligente."
public/index.html,© 2024 Evolut IA. Todos os direitos reservados.
public/index.html,Termos de Uso
public/index.html,Política de Privacidade
public/index.html,LGPD
