Arquivo,Texto,English
public/index.html (title),Evolut | Agência de IA,Evolut | AI Agency
public/index.html (meta description),"Evolua sua operação com agentes de inteligência artificial sob medida. Mais produtividade, menos custo e decisões melhores.","Evolve your operation with tailor‑made artificial intelligence agents. More productivity, lower costs, and better decisions."
public/index.html,Agentes,Agents
public/index.html,Vantagens,Benefits
public/index.html,Como Funciona,How It Works
public/index.html,Começar Agora,Get Started Now
public/index.html,AGÊNCIA DE IA,AI AGENCY
public/index.html,Deixe nossos agentes de IA trabalharem por você,Let our AI agents work for you
public/index.html,•,•
public/index.html,Agência de IA,AI Agency
public/index.html,Soluções Empresariais,Business Solutions
public/index.html,IA,AI
public/index.html,Faça sua empresa crescer 70% mais rápido. Implemente inteligência artificial em todos os setores do seu negócio,Make your company grow 70% faster. Implement artificial intelligence in every area of your business
public/index.html,Começar agora,Start now
public/index.html,Tenha Agentes de IA na Sua Equipe,Have AI Agents on Your Team
public/index.html,Agentes Evolut IA,Evolut AI Agents
public/index.html,Cada desafio exige uma solução inteligente. Conheça alguns dos agentes já criados pela Evolut IA,Each challenge demands an intelligent solution. Meet some of the agents already created by Evolut AI
public/index.html,Crie Seu Próprio Agente,Create Your Own Agent
public/index.html,Vantagens da Evolut IA,Evolut AI Advantages
public/index.html,"Na Evolut IA, criamos agentes inteligentes para transformar processos e impulsionar os seus resultados","At Evolut AI, we create intelligent agents to transform processes and boost your results"
public/index.html,Implementação Rápida,Fast Implementation
public/index.html,"Seus agentes ficam prontos em até 30 dias, com suporte completo durante todo o processo","Your agents are ready within 30 days, with full support throughout the process"
public/index.html,ROI Garantido,Guaranteed ROI
public/index.html,Reduza custos em até 70% e aumente a produtividade em até 300% com nossas soluções,Cut costs by up to 70% and increase productivity by up to 300% with our solutions
public/index.html,Suporte,Support
public/index.html,Equipe especializada disponível 24 horas por dia para garantir que tudo funcione perfeitamente,Specialized team available 24 hours a day to make sure everything runs perfectly
public/index.html,Qualidade Premium,Premium Quality
public/index.html,"Tecnologia de ponta com os melhores modelos de IA do mercado, sempre atualizados","Cutting‑edge technology with the market’s best AI models, always up to date"
public/index.html,Não fique para trás,Don’t fall behind
public/index.html,"A Evolut IA é ideal para empresas que buscam inovação, eficiência e crescimento sustentável através da inteligência artificial.","Evolut AI is ideal for companies seeking innovation, efficiency, and sustainable growth through artificial intelligence."
public/index.html,Empresas Médias,Mid‑Sized Companies
public/index.html,De 50 a 500 funcionários que precisam escalar operações sem aumentar custos proporcionalmente.,From 50 to 500 employees who need to scale operations without proportionally increasing costs.
public/index.html,Startups em Crescimento,Growing Startups
public/index.html,Empresas inovadoras que querem automatizar desde cedo e crescer de forma inteligente.,Innovative companies that want to automate early and grow smart.
public/index.html,Empresas Tradicionais,Traditional Companies
public/index.html,Negócios estabelecidos que querem se modernizar e manter competitividade no mercado.,Established businesses that want to modernize and stay competitive in the market.
public/index.html,Equipes Remotas,Remote Teams
public/index.html,Times distribuídos que precisam de automação para manter produtividade e coordenação.,Distributed teams that need automation to maintain productivity and coordination.
public/index.html,Redução de Custos,Cost Reduction
public/index.html,Organizações focadas em otimizar custos operacionais e aumentar margem de lucro.,Organizations focused on optimizing operating costs and increasing profit margin.
public/index.html,Orientadas por Dados,Data‑Driven
public/index.html,Empresas que valorizam decisões baseadas em dados e análises preditivas.,Companies that value data‑based decisions and predictive analytics.
public/index.html,Ver Se É Ideal Para Minha Empresa,See If It’s Right for My Company
public/index.html,Integrações,Integrations
public/index.html,Conecte nossos agentes com as ferramentas que você já usa. Integração simples e rápida com as principais plataformas do mercado.,"Connect our agents to the tools you already use. Simple, fast integration with the market’s leading platforms."
public/index.html,Slack,Slack
public/index.html,Teams,Teams
public/index.html,HubSpot,HubSpot
public/index.html,Salesforce,Salesforce
public/index.html,Ver Todas as Integrações,View All Integrations
public/index.html,Como funciona,How it works
public/index.html,Um processo simples e estruturado para transformar sua empresa em apenas algumas semanas.,"A simple, structured process to transform your company in just a few weeks."
public/index.html,Consultoria Gratuita,Free Consultation
public/index.html,Agendamos uma reunião para entender suas necessidades e mapear oportunidades de automação.,We schedule a meeting to understand your needs and map automation opportunities.
public/index.html,Análise e Proposta,Analysis & Proposal
public/index.html,Nossa equipe faz uma análise detalhada e apresenta uma proposta personalizada para sua empresa.,Our team performs a detailed analysis and presents a tailored proposal for your company.
public/index.html,Desenvolvimento,Development
public/index.html,Desenvolvemos e configuramos seus agentes de IA de acordo com suas necessidades específicas.,We develop and configure your AI agents according to your specific needs.
public/index.html,Implementação,Implementation
public/index.html,Integramos os agentes em seus sistemas e treinamos sua equipe para o uso eficiente.,We integrate the agents into your systems and train your team for efficient use.
public/index.html,Powered by,Powered by
public/index.html,Utilizamos as tecnologias mais avançadas e confiáveis do mercado para garantir a melhor performance dos seus agentes de IA.,We use the most advanced and reliable technologies on the market to ensure the best performance for your AI agents.
public/index.html,Transforme sua empresa hoje mesmo,Transform your company today
public/index.html,Não deixe seus concorrentes saírem na frente,Don’t let your competitors get ahead
public/index.html,Dê o primeiro passo rumo à automação inteligente. Agende sua consultoria gratuita e transforme sua operação com IA.,Take the first step toward intelligent automation. Schedule your free consultation and transform your operation with AI.
public/index.html,Começar Transformação AGORA,Start Transformation NOW
public/index.html,Sem compromisso,No obligation
public/index.html,Consultoria gratuita,Free consultation
public/index.html,Resultado garantido,Guaranteed results
public/index.html,"Transformamos empresas através de agentes de IA personalizados. Automatize processos, otimize resultados e cresça de forma inteligente.","We transform companies through customized AI agents. Digitize processes, optimize results, and grow intelligently."
public/index.html,© 2024 Evolut IA. Todos os direitos reservados.,© 2024 Evolut AI. All rights reserved.
public/index.html,Termos de Uso,Terms of Use
public/index.html,Política de Privacidade,Privacy Policy
public/index.html,LGPD,LGPD
